precio,marca,producto,Ean,Url,Categ
"$57,93
Por unidad
                                                                Llevando 3",Sprite,Gaseosa Sprite sin azúcares lima limón 2.25 l.,7790895064166,https://supermercado.carrefour.com.ar/infinitescroll/ajax/category/?id=8638&p=2,Bebidas/Gaseosas/Precios económicos/Bebidas/¡¡CYBER MONDAY!!/30% Off en Supermercado/Bebidas/Gaseosas/¡¡GIGANTE!!/2do al 50% con Mi Carrefour en productos iguales/Bebidas/Gaseosas/¡¡BLACK CARREFOUR!!/3x2 con Mi Carrefour en productos iguales/Gaseosas
"$71,33
Por unidad
                                                                Llevando 3",Sprite,Gaseosa Sprite lima limón 2.25 l.,7790895001000,https://supermercado.carrefour.com.ar/infinitescroll/ajax/category/?id=8638&p=2,Bebidas/Gaseosas/¡¡GIGANTE!!/2do al 50% con Mi Carrefour en productos iguales/Bebidas/Gaseosas/¡¡BLACK CARREFOUR!!/3x2 con Mi Carrefour en productos iguales/Gaseosas
"$123,33
Por unidad
                                                                Llevando 3",Glaciar,Agua mineral sin gas Glaciar bidón bajo sodio 6.3 l.,7795930000550,https://supermercado.carrefour.com.ar/infinitescroll/ajax/category/?id=8638&p=2,Bebidas/Aguas/Aguas minerales y de mesa/¡¡CYBER MONDAY!!/30% Off en Supermercado/Bebidas/Aguas minerales/Glaciar/30%Carrusel/¡¡BLACK CARREFOUR!!/3x2 con Mi Carrefour en productos iguales/Aguas minerales
"$266,00
Por unidad
                                                                Llevando 3",Branca,Fernet Branca 750 cc.,7790290001193,https://supermercado.carrefour.com.ar/infinitescroll/ajax/category/?id=8638&p=2,Bebidas/Fernet y aperitivos/Fernet/¡¡BLACK CARREFOUR!!/3x2 con Mi Carrefour en productos iguales/Fernet y aperitivos/3x2 Mi crf BLACK
"$72,00
Por unidad
                                                                Llevando 3",Coca Cola,Gaseosa Coca Cola light 1.75 l.,7790895012440,https://supermercado.carrefour.com.ar/infinitescroll/ajax/category/?id=8638&p=2,Bebidas/Gaseosas/¡¡CYBER MONDAY!!/30% Off en Supermercado/Bebidas/Gaseosas/¡¡GIGANTE!!/2do al 50% con Mi Carrefour en productos iguales/Bebidas/Gaseosas/¡¡BLACK CARREFOUR!!/3x2 con Mi Carrefour en productos iguales/Gaseosas
"$84,00
Por unidad
                                                                Llevando 2",Oreo,Galletitas Oreo 3 x 117 g.,7622300864958,https://supermercado.carrefour.com.ar/infinitescroll/ajax/category/?id=8638&p=2,Desayuno y merienda/Galletitas bizcochitos y tostadas/Galletitas dulces/¡¡CYBER MONDAY!!/30% Off en Supermercado/Desayuno y merienda/Galletitas dulces/30%Carrusel/¡¡BLACK CARREFOUR!!/2do al 80% en productos iguales/Desayuno y merienda/Galletitas dulces
"$75,50
Por unidad
                                                                Llevando 2",La Campagnola,Atún La Campagnola en aceite 170 g.,7793360005060.jpg,https://supermercado.carrefour.com.ar/infinitescroll/ajax/category/?id=8638&p=2,Almacén/Enlatados y Conservas/¡¡BLACK CARREFOUR!!/2x1 en productos iguales/Almacén/Enlatados y conservas
"$116,00
Por unidad
                                                                Llevando 2",Nesquik,Cacao en polvo Nesquik 800 g.,7613034453600,https://supermercado.carrefour.com.ar/infinitescroll/ajax/category/?id=8638&p=2,Desayuno y merienda/Infusiones/Cacao/¡¡BLACK CARREFOUR!!/2x1 en productos iguales/Desayuno y merienda/Cápsulas de café y cacao en polvo
"$64,00
Por unidad
                                                                Llevando 3",Brahma,Cerveza rubia Brahma 1 l.,7792798007493,https://supermercado.carrefour.com.ar/infinitescroll/ajax/category/?id=8638&p=2,Bebidas/Cervezas/Cervezas nacionales/¡¡CYBER MONDAY!!/30% Off en Supermercado/Bebidas/Cervezas/¡¡BLACK CARREFOUR!!/3x2 con Mi Carrefour en productos iguales/Cervezas
"$194,40
Por unidad
                                                                Llevando 2",Dove,Jabón en barra Dove original 6 x 90 g.,7891150044616,https://supermercado.carrefour.com.ar/infinitescroll/ajax/category/?id=8638&p=2,Perfumería/Jabones/Jabones en barra/¡¡CYBER MONDAY!!/30% Off en Supermercado/Perfumería/Jabones/Cuidado personal/General/¡¡BLACK CARREFOUR!!/2do al 80% en productos iguales/Perfumería/Jabones
"$80,50",Granja Iris,Salchichas Granja Iris sin piel 6 u.,7793940260001,https://supermercado.carrefour.com.ar/infinitescroll/ajax/category/?id=6872&p=2,Lácteos y productos frescos/Salchichas/Quesos y fiambres/Salchichas/¡¡CYBER MONDAY!!/Lácteos y productos frescos/40% Off en Supermercado/Salchichas/¡¡GIGANTE!!/Lácteos y productos frescos/Salchichas/40%Carrusel
"$102,47",Lactal,Pan de mesa Lactal blanco 560 g.,7793890001129,https://supermercado.carrefour.com.ar/infinitescroll/ajax/category/?id=6829&p=2,"Panadería/Panificados/Panes lacteados y de mesa/Precios económicos/Panadería/Productos IVA 0%/Panadería/¡¡GIGANTE!!/2do al 50% con Mi Carrefour en productos iguales/Almacén/Pan de mesa, panchos y hamburguesas"
"$903,00
Por unidad",Warhol,Latex interior profesional Warhol blanco mate 20 lt.,2669928000004,https://supermercado.carrefour.com.ar/infinitescroll/ajax/category/?id=7010&p=2,Hogar y bazar/Pinturas y ferretería/¡¡CYBER MONDAY!!/Hasta 40% Off en Bazar/¡¡BLACK CARREFOUR!!/30% Off en Bazar/Pinturas
"$85,00",Milkaut,Queso crematto light Milkaut 290 g.,7794820901588,https://supermercado.carrefour.com.ar/infinitescroll/ajax/category/?id=6872&p=2,Lácteos y productos frescos/Quesos untables y ricotta/Quesos y fiambres/Quesos untables y ricotta/¡¡CYBER MONDAY!!/30% Off en Supermercado/Lácteos y productos frescos/Quesos untables y ricotta
"$130,50",Granja Iris,Salchichas Granja Iris tipo viena sin piel 10 u.,7793940261008,https://supermercado.carrefour.com.ar/infinitescroll/ajax/category/?id=6872&p=2,Lácteos y productos frescos/Salchichas/Quesos y fiambres/Salchichas/¡¡CYBER MONDAY!!/Lácteos y productos frescos/40% Off en Supermercado/Salchichas/¡¡GIGANTE!!/Lácteos y productos frescos/Salchichas
"$93,00",Granja Iris,Salchichas light Granja Iris sin piel 5 u.,7798164602996,https://supermercado.carrefour.com.ar/infinitescroll/ajax/category/?id=6872&p=2,Lácteos y productos frescos/Salchichas/Quesos y fiambres/Salchichas/¡¡CYBER MONDAY!!/Lácteos y productos frescos/40% Off en Supermercado/Salchichas/¡¡GIGANTE!!/Lácteos y productos frescos/Salchichas
"$105,00",Finlandia,Queso fundido light Finlandia gruyere 200 g.,7790742166104,https://supermercado.carrefour.com.ar/infinitescroll/ajax/category/?id=6872&p=2,Lácteos y productos frescos/Quesos untables y ricotta/Quesos y fiambres/Quesos untables y ricotta/¡¡CYBER MONDAY!!/Lácteos y productos frescos/Quesos untables y ricotta/40% Off en Supermercado
"$105,00",Finlandia,Queso fundido light Finlandia balance 200 g.,7790742165800,https://supermercado.carrefour.com.ar/infinitescroll/ajax/category/?id=6872&p=2,Lácteos y productos frescos/Quesos untables y ricotta/Quesos y fiambres/Quesos untables y ricotta/¡¡CYBER MONDAY!!/Lácteos y productos frescos/Quesos untables y ricotta/40% Off en Supermercado
"$105,00",Finlandia,Queso fundido Finlandia clásico 200 g.,7790742161703,https://supermercado.carrefour.com.ar/infinitescroll/ajax/category/?id=6872&p=2,Lácteos y productos frescos/Quesos untables y ricotta/Quesos y fiambres/Quesos untables y ricotta/¡¡CYBER MONDAY!!/Lácteos y productos frescos/Quesos untables y ricotta/40% Off en Supermercado
"$129,00",Milkaut,Queso rallado Milkaut 120 g.,7794820015247,https://supermercado.carrefour.com.ar/infinitescroll/ajax/category/?id=6872&p=2,Quesos y fiambres/Quesos rallados y en hebras/¡¡CYBER MONDAY!!/30% Off en Supermercado/Lácteos y productos frescos
"$105,00",Finlandia,Queso fundido light Finlandia jamón y parmesano 200 g.,7790742176707,https://supermercado.carrefour.com.ar/infinitescroll/ajax/category/?id=6872&p=2,Lácteos y productos frescos/Quesos untables y ricotta/Quesos y fiambres/Quesos untables y ricotta/¡¡CYBER MONDAY!!/Lácteos y productos frescos/Quesos untables y ricotta/40% Off en Supermercado
"$129,00",Tregar,Queso rallado Tregar 120 g.,7793913000146,https://supermercado.carrefour.com.ar/infinitescroll/ajax/category/?id=6872&p=2,Quesos y fiambres/Quesos rallados y en hebras/¡¡CYBER MONDAY!!/30% Off en Supermercado/Lácteos y productos frescos
"$220,00",Fargo,Pan de mesa Fargo salvado doble 900 g.,7793890002386,https://supermercado.carrefour.com.ar/infinitescroll/ajax/category/?id=6829&p=2,"Panadería/Panificados/Panes lacteados y de mesa/Productos IVA 0%/Panadería/¡¡GIGANTE!!/2do al 50% con Mi Carrefour en productos iguales/Almacén/Pan de mesa, panchos y hamburguesas"
"$128,00",Fargo,Pan de mesa Fargo blanco rodajas finas 560 g.,7793890000917,https://supermercado.carrefour.com.ar/infinitescroll/ajax/category/?id=6829&p=2,"Panadería/Panificados/Panes lacteados y de mesa/Productos IVA 0%/Panadería/¡¡GIGANTE!!/2do al 50% con Mi Carrefour en productos iguales/Almacén/Pan de mesa, panchos y hamburguesas"
"$190,00",Bimbo,Pan de mesa Bimbo blanco 730 g.,7796989008450,https://supermercado.carrefour.com.ar/infinitescroll/ajax/category/?id=6829&p=2,"Panadería/Panificados/Panes lacteados y de mesa/Productos IVA 0%/Panadería/¡¡GIGANTE!!/2do al 50% con Mi Carrefour en productos iguales/Almacén/Pan de mesa, panchos y hamburguesas"
"$54,97",Lactal,Pan de mesa Lactal blanco rodajas finas 335 g.,7793890250992,https://supermercado.carrefour.com.ar/infinitescroll/ajax/category/?id=6829&p=2,"Panadería/Panificados/Panes lacteados y de mesa/Precios económicos/Panadería/Productos IVA 0%/Panadería/¡¡GIGANTE!!/2do al 50% con Mi Carrefour en productos iguales/Almacén/Pan de mesa, panchos y hamburguesas"
"$194,00",Oroweat,Pan de mesa Oroweat semillas amapola girasol lino avena 600 g.,7796989009983,https://supermercado.carrefour.com.ar/infinitescroll/ajax/category/?id=6829&p=2,"Panadería/Panificados/Panes lacteados y de mesa/Productos IVA 0%/Panadería/¡¡GIGANTE!!/2do al 50% con Mi Carrefour en productos iguales/Almacén/Pan de mesa, panchos y hamburguesas"
"$58,21",Lactal,Pan de mesa Lactal salvado 350 g.,7793890251081,https://supermercado.carrefour.com.ar/infinitescroll/ajax/category/?id=6829&p=2,"Panadería/Panificados/Panes lacteados y de mesa/Precios económicos/Panadería/Productos IVA 0%/Panadería/¡¡GIGANTE!!/2do al 50% con Mi Carrefour en productos iguales/Almacén/Pan de mesa, panchos y hamburguesas"
"$113,00",Mamá Cocina,Pan rallado Mamá Cocina fortificado 1 kg.,7792180004758,https://supermercado.carrefour.com.ar/infinitescroll/ajax/category/?id=6829&p=2,Panadería/Pan rallado y rebozadores/Productos IVA 0%/Panadería
"$85,00",Bimbo,Pan para hamburguesas Bimbo Artesano 4 u.,7796989008740,https://supermercado.carrefour.com.ar/infinitescroll/ajax/category/?id=6829&p=2,"Panadería/Panificados/Pan para hamburguesas y panchos/Productos IVA 0%/Panadería/¡¡GIGANTE!!/2do al 50% con Mi Carrefour en productos iguales/Almacén/Pan de mesa, panchos y hamburguesas"
"$95,00",Bimbo,Rapiditas Bimbo clásicas 10 u.,7796989011887,https://supermercado.carrefour.com.ar/infinitescroll/ajax/category/?id=6829&p=2,"Panadería/Panificados/Tortillas/¡¡GIGANTE!!/2do al 50% con Mi Carrefour en productos iguales/Almacén/Pan de mesa, panchos y hamburguesas"
"$869,00",,Peluche Mono 1 mt. marrón,3616180300631,https://supermercado.carrefour.com.ar/infinitescroll/ajax/category/?id=7010&p=2,Hogar y bazar/Juguetería Carrefour/Peluches/¡¡CYBER MONDAY!!/Hasta 40% Off en Bazar/Peluches y jugueteria
"$2.495,40
Por unidad
                                                                Llevando 2",Formula,Cubierta Formula Energy 175/70 R14,7797339030084,https://supermercado.carrefour.com.ar/infinitescroll/ajax/category/?id=7010&p=2,Hogar y bazar/Automotor/Cubiertas/¡¡CYBER MONDAY!!/4x3 en Cubiertas/Cyber Automotor/¡¡BLACK CARREFOUR!!/2do al 80% en productos iguales/Neumáticos Formula energy
"$2.730,00
Por unidad
                                                                Llevando 2",Formula,Cubierta Formula Energy 185/65 R14,7797339028883,https://supermercado.carrefour.com.ar/infinitescroll/ajax/category/?id=7010&p=2,Hogar y bazar/Automotor/Cubiertas/¡¡CYBER MONDAY!!/4x3 en Cubiertas/Cyber Automotor/¡¡BLACK CARREFOUR!!/2do al 80% en productos iguales/Neumáticos Formula energy
"$1.490,00
Por unidad",Maisto,Jeep radio control jeep Maisto,3614611203353,https://supermercado.carrefour.com.ar/infinitescroll/ajax/category/?id=7010&p=2,Hogar y bazar/Juguetería Carrefour/Vehículos y pistas/¡¡CYBER MONDAY!!/Hasta 40% Off en Bazar/Peluches y jugueteria
"$219,00",Carrefour Home,Difusor Carrefour Home vainilla dulce 130 cc.,7798149532461,https://supermercado.carrefour.com.ar/infinitescroll/ajax/category/?id=7010&p=2,Hogar y bazar/Regalería y decoración/¡¡CYBER MONDAY!!/Hasta 40% Off en Bazar/Sahumerios y difusores /20% Bazar
"$379,00",Autopolish,Polish Autopolish lustre intenso 450 cc.,7790715013121,https://supermercado.carrefour.com.ar/infinitescroll/ajax/category/?id=7010&p=2,Hogar y bazar/Automotor/Lavado y estética/¡¡CYBER MONDAY!!/Cyber Automotor/30% Off en accesorios para automotor/¡¡GIGANTE!!/30% Off/Limpieza de automotor
"$190,00",Revigal,Revividor de color para autos Revigal negro 490 cc.,7790911000048,https://supermercado.carrefour.com.ar/infinitescroll/ajax/category/?id=7010&p=2,Hogar y bazar/Automotor/Lavado y estética/¡¡CYBER MONDAY!!/Cyber Automotor/30% Off en accesorios para automotor/¡¡GIGANTE!!/30% Off/Limpieza de automotor
"$449,00",Revigal,Aromatizante en gel Revigal limón 1 u.,7790911005050,https://supermercado.carrefour.com.ar/infinitescroll/ajax/category/?id=7010&p=2,Hogar y bazar/Automotor/Fragancias/¡¡CYBER MONDAY!!/Cyber Automotor/30% Off en accesorios para automotor/¡¡GIGANTE!!/30% Off/Limpieza de automotor
"$339,00",Revigal,Aromatizador para autos Revigal instant acqua 100 cc.,7790911004862,https://supermercado.carrefour.com.ar/infinitescroll/ajax/category/?id=7010&p=2,Hogar y bazar/Automotor/Fragancias/¡¡CYBER MONDAY!!/Cyber Automotor/30% Off en accesorios para automotor/¡¡GIGANTE!!/30% Off/Limpieza de automotor
"$1.225,00",Huggies,Pañales Huggies Natural Care talle G ellas 44 u.,7794626009297,https://supermercado.carrefour.com.ar/infinitescroll/ajax/category/?id=6894&p=2,Mundo bebé/Pañales/Huggies/¡¡CYBER MONDAY!!/Mundo bebé/Pañales/40% Off en Supermercado/Pañales/40%Carrusel
"$119,40
Por unidad
                                                                Llevando 2",Cat Chow,Alimento para gatos Cat Chow 1 kg. peso saludable,7613035696440,https://supermercado.carrefour.com.ar/infinitescroll/ajax/category/?id=7005&p=2,Mascotas/Alimentos para gatos/¡¡CYBER MONDAY!!/2do al 80% en Dog chow y Cat chow/¡¡BLACK CARREFOUR!!/2do al 80% en productos iguales/Alimento para mascotas
"$205,00",Scott,Paño Scott Duramax semi-desechables rollo 1u.,7702425679207,https://supermercado.carrefour.com.ar/infinitescroll/ajax/category/?id=6957&p=2,Limpieza/Limpieza del hogar/Trapos y paños/Artículos de limpieza/Trapos y paños/¡¡CYBER MONDAY!!/50% Off en Supermercado/Limpieza
"$1.261,00",Huggies,Pañales Huggies Natural Care talle XXG ellos 34 u.,7794626996818,https://supermercado.carrefour.com.ar/infinitescroll/ajax/category/?id=6894&p=2,Mundo bebé/Pañales/Huggies/¡¡CYBER MONDAY!!/Mundo bebé/Pañales/40% Off en Supermercado/Pañales
"$1.115,00",Pampers,Pañales Pampers Confort Sec talle P 56 u.,7500435133234,https://supermercado.carrefour.com.ar/infinitescroll/ajax/category/?id=6894&p=2,Mundo bebé/Pañales/Pampers/¡¡CYBER MONDAY!!/30% Off en Supermercado/Mundo bebé/Pañales/Pañales/Pampers/Procter
"$1.116,00",Huggies,Pañales Huggies Active Sec talle XG+ baby pants 34 u.,7794626009143,https://supermercado.carrefour.com.ar/infinitescroll/ajax/category/?id=6894&p=2,Mundo bebé/Pañales/Huggies/¡¡CYBER MONDAY!!/50% Off en Supermercado/Pañales/Mundo bebé/Pañales
"$1.261,00",Huggies,Pañales Huggies Natural Care talle XXG ellas 34 u.,7794626996801,https://supermercado.carrefour.com.ar/infinitescroll/ajax/category/?id=6894&p=2,Mundo bebé/Pañales/Huggies/¡¡CYBER MONDAY!!/Mundo bebé/Pañales/40% Off en Supermercado/Pañales
"$1.261,00",Huggies,Pañales Huggies Natural Care talle XG ellos 36 u.,7794626996795,https://supermercado.carrefour.com.ar/infinitescroll/ajax/category/?id=6894&p=2,Mundo bebé/Pañales/Huggies/¡¡CYBER MONDAY!!/Mundo bebé/Pañales/40% Off en Supermercado/Pañales
"$534,00",Huggies,Pañales Huggies Natural Care recién nacido talle P ellos 34 u.,7794626008214,https://supermercado.carrefour.com.ar/infinitescroll/ajax/category/?id=6894&p=2,Mundo bebé/Pañales/Huggies/¡¡CYBER MONDAY!!/Mundo bebé/Pañales/40% Off en Supermercado/Pañales
"$1.225,00",Huggies,Pañales Huggies Natural Care talle G ellos 44 u.,7794626009303,https://supermercado.carrefour.com.ar/infinitescroll/ajax/category/?id=6894&p=2,Mundo bebé/Pañales/Huggies/¡¡CYBER MONDAY!!/Mundo bebé/Pañales/40% Off en Supermercado/Pañales
"$292,00",Johnson's Baby,Toallitas húmedas Johnson's Baby hora del sueño 96 u.,7891010589622,https://supermercado.carrefour.com.ar/infinitescroll/ajax/category/?id=6894&p=2,Mundo bebé/Toallitas húmedas/¡¡CYBER MONDAY!!/30% Off en Supermercado/Mundo bebé/Toallitas húmedas
"$292,00",Johnson's Baby,Toallitas húmedas Johnson's Baby desde el primer día 96 u.,7891010589639,https://supermercado.carrefour.com.ar/infinitescroll/ajax/category/?id=6894&p=2,Mundo bebé/Toallitas húmedas/¡¡CYBER MONDAY!!/30% Off en Supermercado/Mundo bebé/Toallitas húmedas
"$298,20
Por unidad
                                                                Llevando 2",Cat Chow,Alimento para gatos Cat Chow 3 kg. delicias de carne,7613034874979,https://supermercado.carrefour.com.ar/infinitescroll/ajax/category/?id=7005&p=2,Mascotas/Alimentos para gatos/¡¡CYBER MONDAY!!/2do al 80% en Dog chow y Cat chow/¡¡BLACK CARREFOUR!!/2do al 80% en productos iguales/Alimento para mascotas
"$118,80
Por unidad
                                                                Llevando 2",Dog Chow,Alimento para perros Dog Chow 1.5 kg. adultos pequeños,7613034416889,https://supermercado.carrefour.com.ar/infinitescroll/ajax/category/?id=7005&p=2,Mascotas/Alimentos y snacks para perros/¡¡CYBER MONDAY!!/2do al 80% en Dog chow y Cat chow/¡¡BLACK CARREFOUR!!/2do al 80% en productos iguales/Alimento para mascotas
"$790,00
Por unidad",Sabrositos,"Alimento para perros Sabrositos 15 kg. adultos carne, pollo, arroz y vegetales",7798073170135,https://supermercado.carrefour.com.ar/infinitescroll/ajax/category/?id=7005&p=2,Mascotas/Alimentos y snacks para perros/¡¡CYBER MONDAY!!/Hasta 40% Off en Bazar
"$15,45
Por unidad
                                                                Llevando 4",Whiskas,Alimento para gatos Whiskas 85 g. salmón,7797453000413,https://supermercado.carrefour.com.ar/infinitescroll/ajax/category/?id=7005&p=2,Mascotas/Alimentos para gatos/¡¡CYBER MONDAY!!/3x2 en Whiskas y Pedrigree/¡¡BLACK CARREFOUR!!/4x2 en seleccionados de Whiskas y Pedigree
"$226,80
Por unidad
                                                                Llevando 2",Dog Chow,Alimento para perros Dog Chow 3 kg. adultos edad madura,7613035797017,https://supermercado.carrefour.com.ar/infinitescroll/ajax/category/?id=7005&p=2,Mascotas/Alimentos y snacks para perros/¡¡CYBER MONDAY!!/2do al 80% en Dog chow y Cat chow/¡¡BLACK CARREFOUR!!/2do al 80% en productos iguales/Alimento para mascotas
"$15,45
Por unidad
                                                                Llevando 4",Pedigree,Alimento para perros Pedigree 100 g. adultos carne,7797453000796,https://supermercado.carrefour.com.ar/infinitescroll/ajax/category/?id=7005&p=2,Mascotas/Alimentos y snacks para perros/¡¡CYBER MONDAY!!/3x2 en Whiskas y Pedrigree/¡¡BLACK CARREFOUR!!/4x2 en seleccionados de Whiskas y Pedigree
"$15,45
Por unidad
                                                                Llevando 4",Pedigree,Alimento para perros Pedigree 85 g. cachorros carne,7797453000468,https://supermercado.carrefour.com.ar/infinitescroll/ajax/category/?id=7005&p=2,Mascotas/Alimentos y snacks para perros/¡¡CYBER MONDAY!!/3x2 en Whiskas y Pedrigree/¡¡BLACK CARREFOUR!!/4x2 en seleccionados de Whiskas y Pedigree
"$298,20
Por unidad
                                                                Llevando 2",Cat Chow,Alimento para gatos Cat Chow 3 kg. delicias de pescado,7613034873422,https://supermercado.carrefour.com.ar/infinitescroll/ajax/category/?id=7005&p=2,Mascotas/Alimentos para gatos/¡¡CYBER MONDAY!!/2do al 80% en Dog chow y Cat chow/¡¡BLACK CARREFOUR!!/2do al 80% en productos iguales/Alimento para mascotas
"$15,45
Por unidad
                                                                Llevando 4",Whiskas,Alimento para gatos Whiskas 85 g. carne,7797453000420,https://supermercado.carrefour.com.ar/infinitescroll/ajax/category/?id=7005&p=2,Mascotas/Alimentos para gatos/¡¡CYBER MONDAY!!/3x2 en Whiskas y Pedrigree/¡¡BLACK CARREFOUR!!/4x2 en seleccionados de Whiskas y Pedigree
"$359,00",Ala,Jabón líquido para ropa Ala Matic con vivere doy pack 3 l.,7791290787506,https://supermercado.carrefour.com.ar/infinitescroll/ajax/category/?id=6957&p=2,Limpieza/Limpieza de la ropa/Jabones para la ropa/¡¡CYBER MONDAY!!/Limpieza/Limpieza de la ropa/40% Off en Supermercado/Cuidado de la ropa/General/¡¡GIGANTE!!/Limpieza/Limpieza de la ropa
"$85,00",Vivere,Suavizante para ropa Vivere regular plancha fácil 810 cc.,7791290013582,https://supermercado.carrefour.com.ar/infinitescroll/ajax/category/?id=6957&p=2,Limpieza/Limpieza de la ropa/Suavizantes para la ropa/¡¡CYBER MONDAY!!/Limpieza/Limpieza de la ropa/40% Off en Supermercado/Cuidado de la ropa/General
"$30,00",Ayudín,Lavandina Ayudín concentrada 1 l.,7790132098459,https://supermercado.carrefour.com.ar/infinitescroll/ajax/category/?id=6957&p=2,Limpieza/Lavandinas/¡¡CYBER MONDAY!!/30% Off en Supermercado/Limpieza/Lavandinas/¡¡GIGANTE!!/Limpieza/Lavandinas
"$79,00",Elegante,Rollo de cocina Elegante gigante doble hoja 200 u.,7793344009206,https://supermercado.carrefour.com.ar/infinitescroll/ajax/category/?id=6957&p=2,Limpieza/Rollos de cocina y servilletas/¡¡CYBER MONDAY!!/30% Off en Supermercado/Limpieza/Rollos de cocina y papeles/¡¡GIGANTE!!/Limpieza/Papeles y rollos de cocina
"$98,00",Cif,Limpiador líquido Cif vidrios repuesto económico 900 cc.,7791290007710,https://supermercado.carrefour.com.ar/infinitescroll/ajax/category/?id=6957&p=2,"Limpieza/Limpieza del hogar/Limpiavidrios/¡¡CYBER MONDAY!!/30% Off en Supermercado/Limpieza/Limpieza del hogar, cocina y baño/General/¡¡GIGANTE!!/Limpieza/Limpieza del hogar, cocina y baño/Limpieza del hogar"
"$226,00",Woolite,Jabón líquido para ropa Woolite bebé repuesto 900 cc.,7791130003643,https://supermercado.carrefour.com.ar/infinitescroll/ajax/category/?id=6957&p=2,Limpieza/Limpieza de la ropa/Jabones para la ropa/¡¡CYBER MONDAY!!/30% Off en Supermercado/Limpieza/Limpieza de la ropa
"$389,00",Ace,Jabón líquido para ropa Ace clásico 3 l.,7500435124720,https://supermercado.carrefour.com.ar/infinitescroll/ajax/category/?id=6957&p=2,Limpieza/Limpieza de la ropa/Jabones para la ropa/¡¡CYBER MONDAY!!/30% Off en Supermercado/Limpieza/Limpieza de la ropa/Procter
"$241,00",Poett,Limpiador líquido Poett lavanda 4 l.,7793253001988,https://supermercado.carrefour.com.ar/infinitescroll/ajax/category/?id=6957&p=2,"Limpieza/Limpieza del hogar/Limpiadores de piso/¡¡CYBER MONDAY!!/30% Off en Supermercado/Limpieza/Limpieza del hogar, cocina y baño"
"$523,00",Finish,Detergente para lavavajillas en polvo Finish repuesto 1.5 Kg.,7791130962438,https://supermercado.carrefour.com.ar/infinitescroll/ajax/category/?id=6957&p=2,"Limpieza/Limpieza de cocina/Para el lavavajillas/¡¡CYBER MONDAY!!/Limpieza/Limpieza del hogar, cocina y baño/40% Off en Supermercado"
"$418,00",Pantene,Acondicionador Pantene restauración 750 cc.,7500435012096,https://supermercado.carrefour.com.ar/infinitescroll/ajax/category/?id=6910&p=2,Perfumería/Cuidado del cabello/Acondicionadores/¡¡CYBER MONDAY!!/30% Off en Supermercado/Perfumería/Cuidado del cabello/Procter
"$418,00",Pantene,Shampoo Pantene restauración 700 cc.,7500435012065,https://supermercado.carrefour.com.ar/infinitescroll/ajax/category/?id=6910&p=2,Perfumería/Cuidado del cabello/Shampoos/¡¡CYBER MONDAY!!/30% Off en Supermercado/Perfumería/Cuidado del cabello/Procter/30%Carrusel
"$55,20
Por unidad
                                                                Llevando 2",Rexona,Jabón en barra Rexona sensible fresh 3 u. x 125 g.,7791293031989,https://supermercado.carrefour.com.ar/infinitescroll/ajax/category/?id=6910&p=2,Perfumería/Jabones/Jabones en barra/¡¡CYBER MONDAY!!/Perfumería/Jabones/40% Off en Supermercado/Cuidado personal/General/Rexona/¡¡BLACK CARREFOUR!!/2do al 80% en productos iguales/Perfumería/Jabones
"$137,40
Por unidad
                                                                Llevando 2",Dove,Acondicionador Dove reconstrucción completa 400 cc.,7791293004976,https://supermercado.carrefour.com.ar/infinitescroll/ajax/category/?id=6910&p=2,Perfumería/Cuidado del cabello/Acondicionadores/Dove/¡¡CYBER MONDAY!!/Perfumería/Cuidado del cabello/40% Off en Supermercado/Cuidado personal/General/¡¡GIGANTE!!/Perfumería/Cuidado del cabello/¡¡BLACK CARREFOUR!!/2do al 80% en productos iguales/Perfumería/Cuidado del cabello
"$293,00",Carefree,Protectores diarios Carefree protección largo 60 u.,7790010616812,https://supermercado.carrefour.com.ar/infinitescroll/ajax/category/?id=6910&p=2,Perfumería/Protección femenina/Protectores diarios/¡¡CYBER MONDAY!!/Perfumería/Higiene femenina/40% Off en Supermercado
"$106,00",Siempre Libre,Toallitas Siempre Libre especial con alas 16 u.,7790010669078,https://supermercado.carrefour.com.ar/infinitescroll/ajax/category/?id=6910&p=2,Perfumería/Protección femenina/Toallitas femeninas/¡¡CYBER MONDAY!!/Perfumería/Higiene femenina/40% Off en Supermercado
"$72,60
Por unidad
                                                                Llevando 2",Dove,Jabón líquido Dove original 220 cc.,7791293022260,https://supermercado.carrefour.com.ar/infinitescroll/ajax/category/?id=6910&p=2,Perfumería/Jabones/Jabones líquidos/¡¡CYBER MONDAY!!/30% Off en Supermercado/Perfumería/Jabones/Cuidado personal/General/¡¡BLACK CARREFOUR!!/2do al 80% en productos iguales/Perfumería/Jabones
"$189,00",Always,Toallitas Always maxi protección nocturna con alas 16 u.,7506339391572,https://supermercado.carrefour.com.ar/infinitescroll/ajax/category/?id=6910&p=2,Perfumería/Protección femenina/Toallitas femeninas/¡¡CYBER MONDAY!!/Perfumería/Higiene femenina/40% Off en Supermercado/¡¡GIGANTE!!/Perfumería/Higiene femenina/Procter
"$156,00",Colgate,Pasta dental Colgate total 12 clean mint 90 g.,7793100111143,https://supermercado.carrefour.com.ar/infinitescroll/ajax/category/?id=6910&p=2,Perfumería/Cuidado dental/Pasta dental/¡¡CYBER MONDAY!!/Perfumería/Cuidado oral/40% Off en Supermercado/¡¡GIGANTE!!/Perfumería/Cuidado de la piel
"$231,00",Colgate,Pasta dental Colgate total 12 salud visible 133 g.,7509546076591,https://supermercado.carrefour.com.ar/infinitescroll/ajax/category/?id=6910&p=2,Perfumería/Cuidado dental/Pasta dental/¡¡CYBER MONDAY!!/Perfumería/Cuidado oral/40% Off en Supermercado/¡¡GIGANTE!!/Perfumería/Cuidado de la piel
"$150,00",Vegetalex,Medallón de espinaca Vegetalex vegano 4 u.,7790174000632,https://supermercado.carrefour.com.ar/infinitescroll/ajax/category/?id=6882&p=2,Congelados/Hamburguesas/¡¡CYBER MONDAY!!/Papas y medallones/40% Off en Supermercado/Congelados
"$49,20
Por unidad
                                                                Llevando 2",Paty,Hamburguesa Paty finita 2 u.,7790670050728,https://supermercado.carrefour.com.ar/infinitescroll/ajax/category/?id=6882&p=2,Congelados/Hamburguesas/¡¡CYBER MONDAY!!/Hamburguesas/40% Off en Supermercado/Congelados/¡¡BLACK CARREFOUR!!/2do al 80% en productos iguales/Congelados/Hamburguesas
"$125,00",Vegetalex,Medallones de calabaza avena y chía Vegetalex vegano 4 u.,7790174001219,https://supermercado.carrefour.com.ar/infinitescroll/ajax/category/?id=6882&p=2,Congelados/Hamburguesas/¡¡CYBER MONDAY!!/Papas y medallones/40% Off en Supermercado/Congelados
"$101,00",Paty,Milanesa de carne Paty 2 u.,7790670050957,https://supermercado.carrefour.com.ar/infinitescroll/ajax/category/?id=6882&p=2,Congelados/Nuggets y rebozados/¡¡CYBER MONDAY!!/Milanesas de soja y rebozados/40% Off en Supermercado/Congelados
"$125,00",Vegetalex,Medallones de legumbres y quinoa Vegetalex vegano 4 u.,7790174001202,https://supermercado.carrefour.com.ar/infinitescroll/ajax/category/?id=6882&p=2,Congelados/Hamburguesas/¡¡CYBER MONDAY!!/Papas y medallones/40% Off en Supermercado/Congelados
"$49,50
Por unidad
                                                                Llevando 2",Granja Del Sol,Medallón quinoa y espinaca Granja del Sol veggies vegano 2 u.,7790070035349,https://supermercado.carrefour.com.ar/infinitescroll/ajax/category/?id=6882&p=2,Congelados/Verduras y frutas/Medallones y rebozados/¡¡CYBER MONDAY!!/50% Off en Supermercado/Congelados/Medallones viggie/¡¡GIGANTE!!/Congelados/Verduras y frutas/50%Carrusel/¡¡BLACK CARREFOUR!!/2x1 en productos iguales/Congelados/Medallones veggie
"$213,60
Por unidad
                                                                Llevando 2",Paty,Hamburguesa Paty grande 4 u.,7790670050605,https://supermercado.carrefour.com.ar/infinitescroll/ajax/category/?id=6882&p=2,Congelados/Hamburguesas/¡¡CYBER MONDAY!!/Hamburguesas/40% Off en Supermercado/Congelados/¡¡BLACK CARREFOUR!!/2do al 80% en productos iguales/Congelados/Hamburguesas
"$75,00
Por unidad
                                                                Llevando 2",Vegetalex,Milanesa de soja Vegetalex cebolla 4 u.,7790174000564,https://supermercado.carrefour.com.ar/infinitescroll/ajax/category/?id=6882&p=2,Congelados/Nuggets y rebozados/¡¡CYBER MONDAY!!/Milanesas de soja y rebozados/40% Off en Supermercado/Congelados/¡¡BLACK CARREFOUR!!/2do al 80% en productos iguales/Congelados/Milanesas de soja y rebozados de pollo
"$93,60
Por unidad
                                                                Llevando 2",Paty,Medallon de carne Paty con queso provolone 2 u.,7790670051312,https://supermercado.carrefour.com.ar/infinitescroll/ajax/category/?id=6882&p=2,Congelados/Hamburguesas/¡¡CYBER MONDAY!!/Hamburguesas/40% Off en Supermercado/Congelados/¡¡BLACK CARREFOUR!!/2do al 80% en productos iguales/Congelados/Hamburguesas
"$150,00",Vegetalex,Medallón de verdura Vegetalex vegano 4 u.,7790174000625,https://supermercado.carrefour.com.ar/infinitescroll/ajax/category/?id=6882&p=2,Congelados/Hamburguesas/Verduras y frutas/Medallones y rebozados/¡¡CYBER MONDAY!!/Papas y medallones/40% Off en Supermercado/Congelados
"$89,90",,Pollo entero fresco x kg.,2303434000003.jpg,https://supermercado.carrefour.com.ar/infinitescroll/ajax/category/?id=6844&p=2,Carnes y pescados/Pollo y granja
"$96,00",Milkaut,Dulce de leche Milkaut familiar 400 g.,7794820014608,https://supermercado.carrefour.com.ar/infinitescroll/ajax/category/?id=6853&p=2,Desayuno y merienda/Dulce de leche y mermeladas/Lácteos y productos frescos/Dulce de leche/¡¡CYBER MONDAY!!/Dulce de leche/30% Off en Supermercado/Desayuno y merienda/Dulce de leche/30%Carrusel
"$42,00",Bonafide,Garrapiñada Bonafide 100 g.,7792360071266,https://supermercado.carrefour.com.ar/infinitescroll/ajax/category/?id=6818&p=2,"Golosinas y snacks/Bocaditos, confites y turrones/¡Felices Fiestas!/Confituras"
"$259,00",,Vacío de novillo x kg.,2302634000004,https://supermercado.carrefour.com.ar/infinitescroll/ajax/category/?id=6844&p=2,Carnes y pescados/Carne vacuna
"$294,90",,Ojo de bife de novillo x kg.,2302632000006,https://supermercado.carrefour.com.ar/infinitescroll/ajax/category/?id=6844&p=2,Carnes y pescados/Carne vacuna
"$259,00",,Cuadril de novillo x kg.,2302743000001,https://supermercado.carrefour.com.ar/infinitescroll/ajax/category/?id=6844&p=2,Carnes y pescados/Carne vacuna
"$327,00",,Milanesa de peceto novillo x kg.,2302740000004,https://supermercado.carrefour.com.ar/infinitescroll/ajax/category/?id=6844&p=2,Carnes y pescados/Carne vacuna
"$354,90",,Milanesa de peceto de novillito x kg.,2302001000002.jpg,https://supermercado.carrefour.com.ar/infinitescroll/ajax/category/?id=6844&p=2,Carnes y pescados/Carne vacuna
"$199,00",,Tapa de nalga de novillo x kg.,2302734000003,https://supermercado.carrefour.com.ar/infinitescroll/ajax/category/?id=6844&p=2,Carnes y pescados/Carne vacuna
"$319,00",,Peceto de novillo x kg.,2302736000001,https://supermercado.carrefour.com.ar/infinitescroll/ajax/category/?id=6844&p=2,Carnes y pescados/Carne vacuna
"$469,00",,Lomo al medio de ternera x kg.,2301681000005,https://supermercado.carrefour.com.ar/infinitescroll/ajax/category/?id=6844&p=2,Carnes y pescados/Carne vacuna
"$293,90",,Bife de chorizo de novillo bifes x kg.,2302630000008,https://supermercado.carrefour.com.ar/infinitescroll/ajax/category/?id=6844&p=2,Carnes y pescados/Carne vacuna
"$77,00",Tregar,Crema de leche Tregar 200 cc.,7793913000115.jpg,https://supermercado.carrefour.com.ar/infinitescroll/ajax/category/?id=6853&p=2,Lácteos y productos frescos/Cremas de leche/¡¡CYBER MONDAY!!/30% Off en Supermercado/Lácteos y productos frescos/Cremas de leche
"$62,00",Milkaut,Leche larga vida entera Milkaut 1 l.,7794820001936,https://supermercado.carrefour.com.ar/infinitescroll/ajax/category/?id=6853&p=2,Almacén/Leches en polvo y larga vida/Leches larga vida/Lácteos y productos frescos/Leches/Leches enteras/Productos IVA 0%/Almacén/Lácteos y productos frescos/¡¡CYBER MONDAY!!/30% Off en Supermercado/Leches larga vida
"$85,00",Milkaut,Queso crematto light Milkaut 290 g.,7794820901588,https://supermercado.carrefour.com.ar/infinitescroll/ajax/category/?id=6853&p=2,Lácteos y productos frescos/Quesos untables y ricotta/Quesos y fiambres/Quesos untables y ricotta/¡¡CYBER MONDAY!!/30% Off en Supermercado/Lácteos y productos frescos/Quesos untables y ricotta
"$130,50",Granja Iris,Salchichas Granja Iris tipo viena sin piel 10 u.,7793940261008,https://supermercado.carrefour.com.ar/infinitescroll/ajax/category/?id=6853&p=2,Lácteos y productos frescos/Salchichas/Quesos y fiambres/Salchichas/¡¡CYBER MONDAY!!/Lácteos y productos frescos/40% Off en Supermercado/Salchichas/¡¡GIGANTE!!/Lácteos y productos frescos/Salchichas
"$93,00",Granja Iris,Salchichas light Granja Iris sin piel 5 u.,7798164602996,https://supermercado.carrefour.com.ar/infinitescroll/ajax/category/?id=6853&p=2,Lácteos y productos frescos/Salchichas/Quesos y fiambres/Salchichas/¡¡CYBER MONDAY!!/Lácteos y productos frescos/40% Off en Supermercado/Salchichas/¡¡GIGANTE!!/Lácteos y productos frescos/Salchichas
"$86,00",Milkaut,Crema de leche Milkaut doble 200 cc.,7794820015155,https://supermercado.carrefour.com.ar/infinitescroll/ajax/category/?id=6853&p=2,Lácteos y productos frescos/Cremas de leche/¡¡CYBER MONDAY!!/30% Off en Supermercado/Lácteos y productos frescos/Cremas de leche
"$105,00",Finlandia,Queso fundido light Finlandia gruyere 200 g.,7790742166104,https://supermercado.carrefour.com.ar/infinitescroll/ajax/category/?id=6853&p=2,Lácteos y productos frescos/Quesos untables y ricotta/Quesos y fiambres/Quesos untables y ricotta/¡¡CYBER MONDAY!!/Lácteos y productos frescos/Quesos untables y ricotta/40% Off en Supermercado
"$105,00",Finlandia,Queso fundido light Finlandia balance 200 g.,7790742165800,https://supermercado.carrefour.com.ar/infinitescroll/ajax/category/?id=6853&p=2,Lácteos y productos frescos/Quesos untables y ricotta/Quesos y fiambres/Quesos untables y ricotta/¡¡CYBER MONDAY!!/Lácteos y productos frescos/Quesos untables y ricotta/40% Off en Supermercado
"$238,00",Milkaut,Dulce de leche repostero Milkaut 1 kg.,7794820001547,https://supermercado.carrefour.com.ar/infinitescroll/ajax/category/?id=6853&p=2,Desayuno y merienda/Dulce de leche y mermeladas/Lácteos y productos frescos/Dulce de leche/¡¡CYBER MONDAY!!/Dulce de leche/30% Off en Supermercado/Desayuno y merienda/Dulce de leche
"$43,80",Bonafide,Turrón crocante de maní Bonafide 100 g.,7792360071686,https://supermercado.carrefour.com.ar/infinitescroll/ajax/category/?id=6818&p=2,"Golosinas y snacks/Bocaditos, confites y turrones/¡Felices Fiestas!/Turrones"
"$51,00",Bonafide,Turrón de maní con chocolate Bonafide 100 g.,7792360071693,https://supermercado.carrefour.com.ar/infinitescroll/ajax/category/?id=6818&p=2,"Golosinas y snacks/Bocaditos, confites y turrones/¡Felices Fiestas!/Turrones"
"$43,00",Bonafide,Turrón de maní y miel Bonafide 100 g.,7792360071709,https://supermercado.carrefour.com.ar/infinitescroll/ajax/category/?id=6818&p=2,"Golosinas y snacks/Bocaditos, confites y turrones/¡Felices Fiestas!/Turrones"
"$63,00",Bonafide,Turrón de maní con miel tipo cremona Bonafide 200 g.,7792360091615,https://supermercado.carrefour.com.ar/infinitescroll/ajax/category/?id=6818&p=2,"Golosinas y snacks/Bocaditos, confites y turrones/¡Felices Fiestas!/Turrones"
"$98,00",Lay's,Papas fritas Lay's clásicas 150 g.,7790310922316,https://supermercado.carrefour.com.ar/infinitescroll/ajax/category/?id=6818&p=2,Golosinas y snacks/Papas fritas y snacks de maíz/¡¡CYBER MONDAY!!/Snacks/Papas fritas/40% Off en Supermercado/¡¡GIGANTE!!/40%Carrusel
"$164,00",Lay's,Papas fritas Lay's clásicas 250 g.,7790310981191,https://supermercado.carrefour.com.ar/infinitescroll/ajax/category/?id=6818&p=2,Golosinas y snacks/Papas fritas y snacks de maíz/¡¡CYBER MONDAY!!/Snacks/Papas fritas/40% Off en Supermercado/¡¡GIGANTE!!
"$130,00",Milka,Chocolate Milka aireado 100 g.,7622300800291,https://supermercado.carrefour.com.ar/infinitescroll/ajax/category/?id=6818&p=2,Golosinas y snacks/Chocolates/¡¡CYBER MONDAY!!/50% Off en Supermercado/Golosinas/Chocolates/Milka
"$130,00",Milka,Chocolate Milka leger con almendras 100 g.,7622300800307,https://supermercado.carrefour.com.ar/infinitescroll/ajax/category/?id=6818&p=2,Golosinas y snacks/Chocolates/¡¡CYBER MONDAY!!/50% Off en Supermercado/Golosinas/Chocolates/Milka
"$25,00",Beldent,Chicle Beldent menta 10 g.,77942371,https://supermercado.carrefour.com.ar/infinitescroll/ajax/category/?id=6818&p=2,"Golosinas y snacks/Chicles/¡¡CYBER MONDAY!!/50% Off en Supermercado/Golosinas/Caramelos, gomitas, chicles y chupetines/Beldent"
"$244,50
Por unidad
                                                                Llevando 2",Nescafé Dolce Gusto,Cápsulas de café Nescafé Dolce Gusto cortado 16 u.,7613032396350,https://supermercado.carrefour.com.ar/infinitescroll/ajax/category/?id=6787&p=2,Desayuno y merienda/Infusiones/Cápsulas de café/¡¡CYBER MONDAY!!/30% Off en Supermercado/Desayuno y merienda/Café y cápsulas de café/¡¡BLACK CARREFOUR!!/2x1 en productos iguales/Desayuno y merienda/Cápsulas de café y cacao en polvo/2x1 BLACK
"$140,00",La Merced,Yerba mate La Merced de campo 500 g.,7790387015508,https://supermercado.carrefour.com.ar/infinitescroll/ajax/category/?id=6787&p=2,Desayuno y merienda/Yerba/Productos IVA 0%/Desayuno y merienda/¡¡CYBER MONDAY!!/30% Off en Supermercado/Desayuno y merienda/Yerba
"$244,50
Por unidad
                                                                Llevando 2",Nescafé Dolce Gusto,Cápsulas de café Nescafé Dolce Gusto espresso 16 u.,7501059273252,https://supermercado.carrefour.com.ar/infinitescroll/ajax/category/?id=6787&p=2,Desayuno y merienda/Infusiones/Cápsulas de café/¡¡CYBER MONDAY!!/30% Off en Supermercado/Desayuno y merienda/Café y cápsulas de café/30%Carrusel/¡¡BLACK CARREFOUR!!/2x1 en productos iguales/Desayuno y merienda/Cápsulas de café y cacao en polvo
"$32,00
Por unidad
                                                                Llevando 2",Dos Hermanos,Galletas de arroz Dos Hermanos slim sin sal 100 g.,7790503198689,https://supermercado.carrefour.com.ar/infinitescroll/ajax/category/?id=6787&p=2,Desayuno y merienda/Galletitas bizcochitos y tostadas/Galletas de arroz/¡¡CYBER MONDAY!!/50% Off en Supermercado/Galletitas/Desayuno y merienda/¡¡BLACK CARREFOUR!!/2x1 en productos iguales/Desayuno y merienda/Galletitas bizcochitos y tostadas
"$84,00
Por unidad
                                                                Llevando 2",Oreo,Galletitas Oreo golden 3 x 117 g.,7622300869892,https://supermercado.carrefour.com.ar/infinitescroll/ajax/category/?id=6787&p=2,Desayuno y merienda/Galletitas bizcochitos y tostadas/Galletitas dulces/¡¡CYBER MONDAY!!/30% Off en Supermercado/Desayuno y merienda/Galletitas dulces/¡¡BLACK CARREFOUR!!/2do al 80% en productos iguales/Desayuno y merienda/Galletitas dulces
"$96,00",Milkaut,Dulce de leche Milkaut familiar 400 g.,7794820014608,https://supermercado.carrefour.com.ar/infinitescroll/ajax/category/?id=6787&p=2,Desayuno y merienda/Dulce de leche y mermeladas/Lácteos y productos frescos/Dulce de leche/¡¡CYBER MONDAY!!/Dulce de leche/30% Off en Supermercado/Desayuno y merienda/Dulce de leche/30%Carrusel
"$173,00",CBSé,Yerba mate CBSé con hierbas serranas 1 kg.,7790710000126,https://supermercado.carrefour.com.ar/infinitescroll/ajax/category/?id=6787&p=2,Desayuno y merienda/Yerba/Productos IVA 0%/Desayuno y merienda/¡¡CYBER MONDAY!!/30% Off en Supermercado/Desayuno y merienda/Yerba
"$90,00",Cerealitas,Galletitas Cerealitas avena y chocolate 231 g.,7622300872816,https://supermercado.carrefour.com.ar/infinitescroll/ajax/category/?id=6787&p=2,Desayuno y merienda/Galletitas bizcochitos y tostadas/Galletitas dulces/¡¡CYBER MONDAY!!/30% Off en Supermercado/Desayuno y merienda/Galletitas dulces/¡¡GIGANTE!!/Desayuno y merienda/Galletitas dulces
"$90,00",Cerealitas,Galletitas Cerealitas avena y coco 231 g.,7622300872830,https://supermercado.carrefour.com.ar/infinitescroll/ajax/category/?id=6787&p=2,Desayuno y merienda/Galletitas bizcochitos y tostadas/Galletitas dulces/¡¡CYBER MONDAY!!/30% Off en Supermercado/Desayuno y merienda/Galletitas dulces/¡¡GIGANTE!!/Desayuno y merienda/Galletitas dulces
"$62,00",Cerealitas,Galletitas Cerealitas clásicas 200 g.,7622300840259,https://supermercado.carrefour.com.ar/infinitescroll/ajax/category/?id=6787&p=2,"Desayuno y merienda/Galletitas bizcochitos y tostadas/Galletitas dulces/¡¡CYBER MONDAY!!/30% Off en Supermercado/Desayuno y merienda/Galletitas, bizcochitos y tostadas/¡¡GIGANTE!!/Desayuno y merienda/Galletitas bizcochitos y tostadas"
"$62,00",Milkaut,Leche larga vida descremada Milkaut 1 l.,7794820001943,https://supermercado.carrefour.com.ar/infinitescroll/ajax/category/?id=6734&p=2,Almacén/Leches en polvo y larga vida/Leches larga vida/Lácteos y productos frescos/Leches/Leches descremadas/Productos IVA 0%/Almacén/Lácteos y productos frescos/¡¡CYBER MONDAY!!/30% Off en Supermercado/Leches larga vida
"$66,00",Lulemuu,Barra de arroz Lulemuu de chocolate con semillas 3 u. sin TACC,7798146300582,https://supermercado.carrefour.com.ar/infinitescroll/ajax/category/?id=7046&p=2,Desayuno y merienda/Cereales y barritas/Barritas de cereales/Golosinas y snacks/Barritas de cereal y arroz/Sin TACC/Desayuno y Merienda/Alfajores y Barritas
"$179,00",Hellmann's,Mayonesa light Hellmann's 950 cc.,7794000960152,https://supermercado.carrefour.com.ar/infinitescroll/ajax/category/?id=6734&p=2,"Almacén/Sal, aderezos y saborizadores/Salsas y aderezos/¡¡CYBER MONDAY!!/Almacén/Aderezos y saborizadores/40% Off en Supermercado/Alimentos/General/¡¡GIGANTE!!/Almacén/Aderezos y saborizadores"
"$130,00",Hellmann's,Mayonesa Hellmann's clásica 950 g.,7794000960077,https://supermercado.carrefour.com.ar/infinitescroll/ajax/category/?id=6734&p=2,"Almacén/Sal, aderezos y saborizadores/Salsas y aderezos/¡¡CYBER MONDAY!!/Almacén/Aderezos y saborizadores/40% Off en Supermercado/Alimentos/General/¡¡GIGANTE!!/Almacén/Aderezos y saborizadores"
"$113,00",Knorr,Sopa instantánea Knorr Quick light zapallo 5 sobres,7794000598515,https://supermercado.carrefour.com.ar/infinitescroll/ajax/category/?id=6734&p=2,"Almacén/Sopas/Caldos, sopas y comidas listas/¡¡CYBER MONDAY!!/Almacén/Caldos, sopas y comidas listas/40% Off en Supermercado/Alimentos/General/¡¡GIGANTE!!/Almacén/Caldos y sopas"
"$82,00",Knorr,Puré de papas Knorr 125 g.,7794000598805,https://supermercado.carrefour.com.ar/infinitescroll/ajax/category/?id=6734&p=2,"Almacén/Purés instantáneos/Caldos, sopas y comidas listas/¡¡CYBER MONDAY!!/Almacén/Caldos, sopas y comidas listas/40% Off en Supermercado/Alimentos/General"
"$70,80
Por unidad
                                                                Llevando 2",Exquisita,Premezcla para bizcochuelo Exquisita chocolate especial 540 g.,7790070410146,https://supermercado.carrefour.com.ar/infinitescroll/ajax/category/?id=6734&p=2,Almacén/Harinas/Premezclas dulces/Repostería y Postres/¡¡CYBER MONDAY!!/Almacén/Premezcla para bizcochuelos/40% Off en Supermercado/¡¡BLACK CARREFOUR!!/2do al 80% en productos iguales/Almacén/Premezclas para bizcochuelos
"$76,00",Hellmann's,Ketchup Hellmann's 250 g.,7794000960275,https://supermercado.carrefour.com.ar/infinitescroll/ajax/category/?id=6734&p=2,"Almacén/Sal, aderezos y saborizadores/Salsas y aderezos/¡¡CYBER MONDAY!!/Almacén/Aderezos y saborizadores/40% Off en Supermercado/Alimentos/General/¡¡GIGANTE!!/Almacén/Aderezos y saborizadores"
"$62,00",Milkaut,Leche larga vida entera Milkaut 1 l.,7794820001936,https://supermercado.carrefour.com.ar/infinitescroll/ajax/category/?id=6734&p=2,Almacén/Leches en polvo y larga vida/Leches larga vida/Lácteos y productos frescos/Leches/Leches enteras/Productos IVA 0%/Almacén/Lácteos y productos frescos/¡¡CYBER MONDAY!!/30% Off en Supermercado/Leches larga vida
"$113,00",Knorr,Sopa instantánea Knorr Quick light vegetales 5 sobres,7794000598591,https://supermercado.carrefour.com.ar/infinitescroll/ajax/category/?id=6734&p=2,"Almacén/Sopas/Caldos, sopas y comidas listas/¡¡CYBER MONDAY!!/Almacén/Caldos, sopas y comidas listas/40% Off en Supermercado/Alimentos/General/¡¡GIGANTE!!/Almacén/Caldos y sopas"
"$81,00",Knorr,Caldos en cubo Knorr gallina 12 u.,7794000597525,https://supermercado.carrefour.com.ar/infinitescroll/ajax/category/?id=6734&p=2,"Almacén/Caldos/Caldos, sopas y comidas listas/¡¡CYBER MONDAY!!/Almacén/Caldos, sopas y comidas listas/40% Off en Supermercado/¡¡GIGANTE!!/Almacén/Caldos y sopas"
"$72,00",Carrefour,Galletitas vainillas Carrefour 480 g.,7798033338049,https://supermercado.carrefour.com.ar/infinitescroll/ajax/category/?id=7054&p=2,Desayuno y merienda/Galletitas bizcochitos y tostadas/Galletitas dulces/Productos Carrefour/Desayuno y merienda
"$57,93
Por unidad
                                                                Llevando 3",Schweppes,Gaseosa Schweppes sin azúcares pomelo 2.25 l.,7790895010095,https://supermercado.carrefour.com.ar/infinitescroll/ajax/category/?id=6698&p=2,Bebidas/Gaseosas/Precios económicos/Bebidas/¡¡CYBER MONDAY!!/30% Off en Supermercado/Bebidas/Gaseosas/¡¡GIGANTE!!/2do al 50% con Mi Carrefour en productos iguales/Bebidas/Gaseosas/¡¡BLACK CARREFOUR!!/3x2 con Mi Carrefour en productos iguales/Gaseosas
"$58,00",Viavita,Fajitas ViaVita clásicas 100 g. SIN TACC,7798195940128,https://supermercado.carrefour.com.ar/infinitescroll/ajax/category/?id=7046&p=2,"Desayuno y merienda/Galletitas bizcochitos y tostadas/Tostadas, grisines y marineras/Sin TACC/Desayuno y Merienda"
"$19,50
Por unidad
                                                                Llevando 2",Krachitos,Bizcochos de arroz Krachitos crema y cebolla 50 g. sin TACC,7794520867771,https://supermercado.carrefour.com.ar/infinitescroll/ajax/category/?id=7046&p=2,"Desayuno y merienda/Galletitas bizcochitos y tostadas/Galletas de arroz/Sin TACC/Desayuno y Merienda/¡¡CYBER MONDAY!!/Snacks/Nachos, palitos y otros snacks salados/40% Off en Supermercado/¡¡BLACK CARREFOUR!!/2do al 80% en productos iguales/Snacks/Nachos palitos y otros snacks salados"
"$40,40",Crisppino,Galletas de arroz Crisppino jamón 50 g. sin TACC,7798199770035,https://supermercado.carrefour.com.ar/infinitescroll/ajax/category/?id=7046&p=2,Desayuno y merienda/Galletitas bizcochitos y tostadas/Galletas de arroz/Sin TACC/Desayuno y Merienda
"$127,00",Smams,Galletitas crackers Smams mix semillas 150 g. SIN TACC,7798181510229,https://supermercado.carrefour.com.ar/infinitescroll/ajax/category/?id=7046&p=2,Desayuno y merienda/Galletitas bizcochitos y tostadas/Galletitas de agua/Sin TACC/Desayuno y Merienda
"$70,00",Santa María,Galletitas Santa María chocolate 200 g. sin TACC,7798079230017,https://supermercado.carrefour.com.ar/infinitescroll/ajax/category/?id=7046&p=2,Desayuno y merienda/Galletitas bizcochitos y tostadas/Galletitas dulces/Sin TACC/Desayuno y Merienda
"$95,00",Santa María,Galletitas vainillas Santa María 180 g. sin TACC,7798079230062,https://supermercado.carrefour.com.ar/infinitescroll/ajax/category/?id=7046&p=2,Desayuno y merienda/Galletitas bizcochitos y tostadas/Galletitas dulces/Sin TACC/Desayuno y Merienda
"$96,00",Maizena,Premezcla para bizcochuelo Maizena vainilla 500 g. sin TACC,7794000001992,https://supermercado.carrefour.com.ar/infinitescroll/ajax/category/?id=7046&p=2,Almacén/Harinas/Premezclas dulces/Repostería y Postres/Premezclas dulces/Sin TACC/Harinas y Premezclas/¡¡CYBER MONDAY!!/Almacén/Premezcla para bizcochuelos/40% Off en Supermercado/Alimentos/General
"$30,00
Por unidad
                                                                Llevando 2",Krachitos,Bizcochos de arroz Krachitos queso 100 g. sin TACC,7794520867764,https://supermercado.carrefour.com.ar/infinitescroll/ajax/category/?id=7046&p=2,"Desayuno y merienda/Galletitas bizcochitos y tostadas/Galletas de arroz/Sin TACC/Desayuno y Merienda/¡¡CYBER MONDAY!!/Snacks/Nachos, palitos y otros snacks salados/40% Off en Supermercado/¡¡BLACK CARREFOUR!!/2do al 80% en productos iguales/Snacks/Nachos palitos y otros snacks salados"
"$19,50
Por unidad
                                                                Llevando 2",Krachitos,Bizcochos de arroz Krachitos queso 50 g. sin TACC,7794520867757,https://supermercado.carrefour.com.ar/infinitescroll/ajax/category/?id=7046&p=2,"Desayuno y merienda/Galletitas bizcochitos y tostadas/Galletas de arroz/Sin TACC/Desayuno y Merienda/¡¡CYBER MONDAY!!/Snacks/Nachos, palitos y otros snacks salados/40% Off en Supermercado/¡¡BLACK CARREFOUR!!/2do al 80% en productos iguales/Snacks/Nachos palitos y otros snacks salados"
"$65,50",Ópera,Obleas Ópera clásicas 4 u. x 55 g.,7790040008175,https://supermercado.carrefour.com.ar/infinitescroll/ajax/category/?id=7074&p=2,Desayuno y merienda/Galletitas bizcochitos y tostadas/Galletitas dulces/Precios económicos/Desayuno y merienda
"$32,00",Carrefour,Galletitas pepas Carrefour 300 g.,7798033336410,https://supermercado.carrefour.com.ar/infinitescroll/ajax/category/?id=7054&p=2,Desayuno y merienda/Galletitas bizcochitos y tostadas/Galletitas dulces/Productos Carrefour/Desayuno y merienda
"$37,50",Carrefour,Choclo amarillo Carrefour entero 350 g.,7798111009557,https://supermercado.carrefour.com.ar/infinitescroll/ajax/category/?id=7054&p=2,Almacén/Enlatados y Conservas/Productos Carrefour/Almacén/Precios económicos/Almacén/Productos IVA 0%/Almacén/Enlatados y conservas/Conservas de legumbres y vegetales
"$24,00",Carrefour,Arvejas secas remojadas Carrefour 350 g.,7798111009526,https://supermercado.carrefour.com.ar/infinitescroll/ajax/category/?id=7054&p=2,Almacén/Enlatados y Conservas/Productos Carrefour/Almacén/Productos IVA 0%/Almacén/Enlatados y conservas/Conservas de legumbres y vegetales
"$99,00",Carrefour,Papel higiénico hoja simple Carrefour 4 x 80 m.,7798159718985,https://supermercado.carrefour.com.ar/infinitescroll/ajax/category/?id=7054&p=2,Limpieza/Papeles higiénicos/Productos Carrefour/Limpieza
"$81,00",Carrefour,Papas bastón Carrefour tradicional 700 g.,7798159719456,https://supermercado.carrefour.com.ar/infinitescroll/ajax/category/?id=7054&p=2,Congelados/Papas/Productos Carrefour/Congelados y helados
"$55,00",Carrefour,Rollo de cocina Carrefour 3 x 50 paños,7798141718221,https://supermercado.carrefour.com.ar/infinitescroll/ajax/category/?id=7054&p=2,Limpieza/Rollos de cocina y servilletas/Productos Carrefour/Limpieza
"$20,00",Carrefour,Galletitas pepas Carrefour 170 g.,7791720002872,https://supermercado.carrefour.com.ar/infinitescroll/ajax/category/?id=7054&p=2,Desayuno y merienda/Galletitas bizcochitos y tostadas/Galletitas dulces/Productos Carrefour/Desayuno y merienda
"$34,00",Carrefour,Puré de papas instantáneo Carrefour 100 g.,7791720016152,https://supermercado.carrefour.com.ar/infinitescroll/ajax/category/?id=7054&p=2,"Almacén/Purés instantáneos/Productos Carrefour/Almacén/Caldos, sopas y comidas listas"
"$102,00",Carrefour,Manteca Carrefour calidad extra 200 g.,7798152226326,https://supermercado.carrefour.com.ar/infinitescroll/ajax/category/?id=7054&p=2,"Lácteos y productos frescos/Mantecas, margarinas y levaduras/Productos Carrefour/Lácteos y productos frescos"
"$7,25
Por unidad
                                                                Llevando 2",Clight,Jugo en polvo Clight manzana deliciosa 7 g.,7622210812711,https://supermercado.carrefour.com.ar/infinitescroll/ajax/category/?id=6698&p=2,Bebidas/Jugos/Jugos en polvo/¡¡CYBER MONDAY!!/50% Off en Supermercado/Jugos en polvo/¡¡GIGANTE!!/2do al 50% con Mi Carrefour en productos iguales/Bebidas/Jugos en polvo/50%Carrusel/¡¡BLACK CARREFOUR!!/2x1 en productos iguales/Bebidas/Jugos en polvo
"$7,25
Por unidad
                                                                Llevando 2",Clight,Jugo en polvo Clight naranja dulce 7.5 g.,7622210812797,https://supermercado.carrefour.com.ar/infinitescroll/ajax/category/?id=6698&p=2,Bebidas/Jugos/Jugos en polvo/¡¡CYBER MONDAY!!/50% Off en Supermercado/Jugos en polvo/¡¡GIGANTE!!/2do al 50% con Mi Carrefour en productos iguales/Bebidas/Jugos en polvo/¡¡BLACK CARREFOUR!!/2x1 en productos iguales/Bebidas/Jugos en polvo
"$91,00",Quilmes,Cerveza rubia Quilmes clásica 1 l.,7792798007387,https://supermercado.carrefour.com.ar/infinitescroll/ajax/category/?id=6698&p=2,Bebidas/Cervezas/Cervezas nacionales/¡¡CYBER MONDAY!!/30% Off en Supermercado/Bebidas/Cervezas/¡¡GIGANTE!!/2do al 50% con Mi Carrefour en productos iguales/Bebidas/Cervezas
"$40,00
Por unidad
                                                                Llevando 3",Sprite,Gaseosa Sprite sin azúcares 1.25 l.,7790895012365,https://supermercado.carrefour.com.ar/infinitescroll/ajax/category/?id=6698&p=2,Bebidas/Gaseosas/¡¡CYBER MONDAY!!/30% Off en Supermercado/Bebidas/Gaseosas/¡¡GIGANTE!!/2do al 50% con Mi Carrefour en productos iguales/Bebidas/Gaseosas/¡¡BLACK CARREFOUR!!/3x2 con Mi Carrefour en productos iguales/Gaseosas
"$280,00",Quilmes,Cerveza rubia Quilmes 6 x 473 cc.,7792798012947,https://supermercado.carrefour.com.ar/infinitescroll/ajax/category/?id=6698&p=2,Bebidas/Cervezas/Cervezas nacionales/¡¡CYBER MONDAY!!/30% Off en Supermercado/Bebidas/Cervezas/¡¡GIGANTE!!/2do al 50% con Mi Carrefour en productos iguales/Bebidas/Cervezas
"$924,00",Corona,Cerveza rubia Corona 12 x 355 cc.,7501064197918,https://supermercado.carrefour.com.ar/infinitescroll/ajax/category/?id=6698&p=2,Bebidas/Cervezas/Cervezas nacionales/¡¡CYBER MONDAY!!/30% Off en Supermercado/Bebidas/Cervezas/¡¡GIGANTE!!/2do al 50% con Mi Carrefour en productos iguales/Bebidas/Cervezas/Corona
"$243,33
Por unidad
                                                                Llevando 3",Budweiser,Cerveza rubia Budweiser 6 x 473 cc.,7793147118846,https://supermercado.carrefour.com.ar/infinitescroll/ajax/category/?id=6698&p=2,Bebidas/Cervezas/Cervezas nacionales/¡¡CYBER MONDAY!!/30% Off en Supermercado/Bebidas/Cervezas/¡¡BLACK CARREFOUR!!/3x2 con Mi Carrefour en productos iguales/Cervezas
"$373,33
Por unidad
                                                                Llevando 3",Patagonia,Cerveza rubia Patagonia IPA 6 x 473 cc.,7792798001927,https://supermercado.carrefour.com.ar/infinitescroll/ajax/category/?id=6698&p=2,Bebidas/Cervezas/Cervezas nacionales/¡¡CYBER MONDAY!!/30% Off en Supermercado/Bebidas/Cervezas/¡¡BLACK CARREFOUR!!/3x2 con Mi Carrefour en productos iguales/Cervezas
"$98,67
Por unidad
                                                                Llevando 3",Patagonia,Cerveza roja Patagonia amber lager 730 cc.,7792798002351,https://supermercado.carrefour.com.ar/infinitescroll/ajax/category/?id=6698&p=2,Bebidas/Cervezas/Cervezas nacionales/¡¡CYBER MONDAY!!/30% Off en Supermercado/Bebidas/Cervezas/¡¡BLACK CARREFOUR!!/3x2 con Mi Carrefour en productos iguales/Cervezas
"$22,16",Molinos Ala,Arroz parboil dorado Molinos Ala 500 g.,7791120037566,https://supermercado.carrefour.com.ar/infinitescroll/ajax/category/?id=7074&p=2,Almacén/Arroz y legumbres/Arroz/Precios económicos/Almacén/Productos IVA 0%/Almacén/Arroz
"$38,98",SanCor,Postre SanCor Sublime chocolate con dulce de leche 2 x 100 g.,7798321150056,https://supermercado.carrefour.com.ar/infinitescroll/ajax/category/?id=7074&p=2,Lácteos y productos frescos/Postres/Precios económicos/Lácteos y productos frescos
"$45,60
Por unidad
                                                                Llevando 2",Rexona,Antitranspirante en aerosol Rexona invisible 150 cc.,7791293032481,https://supermercado.carrefour.com.ar/infinitescroll/ajax/category/?id=7074&p=2,Perfumería/Antitranspirantes y desodorantes/Femeninos/Precios económicos/Perfumería/¡¡CYBER MONDAY!!/Perfumería/40% Off en Supermercado/Antitranspirantes y desodorantes/Cuidado personal/General/Rexona/¡¡BLACK CARREFOUR!!/2do al 80% en productos iguales/Perfumería/Antitranspirantes y desodorantes
"$37,50",Carrefour,Choclo amarillo Carrefour entero 350 g.,7798111009557,https://supermercado.carrefour.com.ar/infinitescroll/ajax/category/?id=7074&p=2,Almacén/Enlatados y Conservas/Productos Carrefour/Almacén/Precios económicos/Almacén/Productos IVA 0%/Almacén/Enlatados y conservas/Conservas de legumbres y vegetales
"$49,61",Cunnington,Gaseosa Cunnington cola sin azúcar 2.25 l.,7790639002003,https://supermercado.carrefour.com.ar/infinitescroll/ajax/category/?id=7074&p=2,Bebidas/Gaseosas/Precios económicos/Bebidas
"$51,49",Arcor,Mermelada Arcor durazno 454 g.,7790580509507.jpg,https://supermercado.carrefour.com.ar/infinitescroll/ajax/category/?id=7074&p=2,"Desayuno y merienda/Dulce de leche y mermeladas/Mermeladas, dulces y jaleas/Precios económicos/Desayuno y merienda"
"$39,90",Apóstoles,Leche entera Apóstoles 1 l.,7798338290110,https://supermercado.carrefour.com.ar/infinitescroll/ajax/category/?id=7074&p=2,Lácteos y productos frescos/Leches/Leches enteras/Precios económicos/Lácteos y productos frescos/Productos IVA 0%/Lácteos y productos frescos
"$76,00",Axe,Desodorante corporal en aerosol Axe black 150 cc.,7791293028781,https://supermercado.carrefour.com.ar/infinitescroll/ajax/category/?id=7074&p=2,Perfumería/Antitranspirantes y desodorantes/Masculinos/Precios económicos/Perfumería/¡¡GIGANTE!!/Perfumería/Antitranspirantes y desodorantes
"$15,11",Traviata,Galletitas crackers Traviata sandwich 101 g.,7790040872103,https://supermercado.carrefour.com.ar/infinitescroll/ajax/category/?id=7074&p=2,Desayuno y merienda/Galletitas bizcochitos y tostadas/Galletitas de agua/Precios económicos/Desayuno y merienda
"$72,90",,Banana x kg.,2300453000007.jpg,https://supermercado.carrefour.com.ar/infinitescroll/ajax/category/?id=6839&p=2,Frutas y verduras/Frutas
"$39,90",,Pera x kg.,2320035000003.jpg,https://supermercado.carrefour.com.ar/infinitescroll/ajax/category/?id=6839&p=2,Frutas y verduras/Frutas
"$84,00",,Champignones blanco 200 g.,7798010462002,https://supermercado.carrefour.com.ar/infinitescroll/ajax/category/?id=6839&p=2,Frutas y verduras/Verduras
"$219,00",Huella Natural,Tomate cherry rojo Huella Natural x kg.,2303319000005,https://supermercado.carrefour.com.ar/infinitescroll/ajax/category/?id=6839&p=2,Frutas y verduras/Verduras
"$49,90",,Papa en red x kg.,2303210000005,https://supermercado.carrefour.com.ar/infinitescroll/ajax/category/?id=6839&p=2,Frutas y verduras/Verduras
"$79,90",,Tomate perita x kg.,2320048000007,https://supermercado.carrefour.com.ar/infinitescroll/ajax/category/?id=6839&p=2,Frutas y verduras/Verduras
"$128,90",,Berenjena negra x kg.,2320042000003,https://supermercado.carrefour.com.ar/infinitescroll/ajax/category/?id=6839&p=2,Frutas y verduras/Verduras
"$49,90",,Limón x kg.,2320003000004.jpg,https://supermercado.carrefour.com.ar/infinitescroll/ajax/category/?id=6839&p=2,Frutas y verduras/Frutas
"$42,90",,Mandarina x kg.,2306740000002,https://supermercado.carrefour.com.ar/infinitescroll/ajax/category/?id=6839&p=2,Frutas y verduras/Frutas
"$109,90",Huella Natural,Manzana red Huella Natural x kg.,2303522000007,https://supermercado.carrefour.com.ar/infinitescroll/ajax/category/?id=6839&p=2,Frutas y verduras/Frutas
"$35,80",La Martona,Leche entera La Martona 1 l.,7790742186102,https://supermercado.carrefour.com.ar/infinitescroll/ajax/category/?id=7491&p=2,Lácteos y productos frescos/Leches/Leches enteras/Precios económicos/Lácteos y productos frescos/Productos IVA 0%/Lácteos y productos frescos
"$43,80",Bonafide,Turrón crocante de maní Bonafide 100 g.,7792360071686,https://supermercado.carrefour.com.ar/infinitescroll/ajax/category/?id=8750&p=2,"Golosinas y snacks/Bocaditos, confites y turrones/¡Felices Fiestas!/Turrones"
"$48,90",La Serenísima,Leche entera La Serenísima 3% sachet 1 l.,7793940448003,https://supermercado.carrefour.com.ar/infinitescroll/ajax/category/?id=7491&p=2,Lácteos y productos frescos/Leches/Leches enteras/Productos IVA 0%/Lácteos y productos frescos
"$47,80",Verónica,Leche larga vida descremada Verónica 1 l.,7794710010024,https://supermercado.carrefour.com.ar/infinitescroll/ajax/category/?id=7491&p=2,Almacén/Leches en polvo y larga vida/Leches larga vida/Lácteos y productos frescos/Leches/Leches descremadas/Productos IVA 0%/Almacén/Lácteos y productos frescos
"$69,00",Yogurísimo,Yogur cremoso entero Yogurísimo con zucaritas 164 g.,7791337613027,https://supermercado.carrefour.com.ar/infinitescroll/ajax/category/?id=7491&p=2,Lácteos y productos frescos/Yogures/Yogures enteros/Productos IVA 0%/Lácteos y productos frescos/¡¡CYBER MONDAY!!/30% Off en Supermercado/Lácteos y productos frescos/Yogures
"$47,50",Lucchetti,Fideos spaghetti Lucchetti 500 g.,7790070318282,https://supermercado.carrefour.com.ar/infinitescroll/ajax/category/?id=7491&p=2,Almacén/Fideos largos/Productos IVA 0%/Almacén/Pastas secas
"$39,90",Apóstoles,Leche descremada Apóstoles 1 l.,7798338290103,https://supermercado.carrefour.com.ar/infinitescroll/ajax/category/?id=7491&p=2,Lácteos y productos frescos/Leches/Leches descremadas/Precios económicos/Lácteos y productos frescos/Productos IVA 0%/Lácteos y productos frescos
"$47,50",Lucchetti,Fideos tirabuzones Lucchetti 500 g.,7790070318329,https://supermercado.carrefour.com.ar/infinitescroll/ajax/category/?id=7491&p=2,Almacén/Fideos guiseros y para sopas/Productos IVA 0%/Almacén/Pastas secas
"$33,20",Molto,Puré de tomate Molto 520 g.,7791579001132,https://supermercado.carrefour.com.ar/infinitescroll/ajax/category/?id=7491&p=2,Almacén/Enlatados y Conservas/Conservas de tomate/Productos IVA 0%/Almacén/Enlatados y conservas
"$33,30",Yogurisimo,Yogur firme entero Yogurísimo vainilla 125 g.,7791337960817,https://supermercado.carrefour.com.ar/infinitescroll/ajax/category/?id=7491&p=2,Lácteos y productos frescos/Yogures/Yogures enteros/Productos IVA 0%/Lácteos y productos frescos
"$48,90",La Serenísima,Leche entera La Serenísima 2% 1 l.,7790742034922,https://supermercado.carrefour.com.ar/infinitescroll/ajax/category/?id=7491&p=2,Lácteos y productos frescos/Leches/Leches enteras/Productos IVA 0%/Lácteos y productos frescos
"$51,00",Bonafide,Turrón de maní con chocolate Bonafide 100 g.,7792360071693,https://supermercado.carrefour.com.ar/infinitescroll/ajax/category/?id=8750&p=2,"Golosinas y snacks/Bocaditos, confites y turrones/¡Felices Fiestas!/Turrones"
"$43,00",Bonafide,Turrón de maní y miel Bonafide 100 g.,7792360071709,https://supermercado.carrefour.com.ar/infinitescroll/ajax/category/?id=8750&p=2,"Golosinas y snacks/Bocaditos, confites y turrones/¡Felices Fiestas!/Turrones"
"$63,00",Bonafide,Turrón de maní con miel tipo cremona Bonafide 200 g.,7792360091615,https://supermercado.carrefour.com.ar/infinitescroll/ajax/category/?id=8750&p=2,"Golosinas y snacks/Bocaditos, confites y turrones/¡Felices Fiestas!/Turrones"
"$145,00",Carrefour,Pan dulce Carrefour con frutas 400 g.,7798033333945,https://supermercado.carrefour.com.ar/infinitescroll/ajax/category/?id=8750&p=2,Desayuno y merienda/Budines y magdalenas/Budines y bizcochuelos/¡Felices Fiestas!/Pan dulce
"$299,00",Fabesa,"Árbol de navidad 0,90 m. vesubio Fabesa 1 u.",7798003381013,https://supermercado.carrefour.com.ar/infinitescroll/ajax/category/?id=8750&p=2,¡Felices Fiestas!/Deco navidad
"$449,00",Fabesa,"Árbol de navidad 1,20 m. vesubio Fabesa 1 u.",7798003381037,https://supermercado.carrefour.com.ar/infinitescroll/ajax/category/?id=8750&p=2,¡Felices Fiestas!/Deco navidad
"$3.299,00",Fabesa,"Árbol de navidad 1,50 m. pino montaña Fabesa 1 u.",7798003381549,https://supermercado.carrefour.com.ar/infinitescroll/ajax/category/?id=8750&p=2,¡Felices Fiestas!/Deco navidad
"$1.299,00",Fabesa,"Árbol de navidad 1,50 m. pino tipo alemán Fabesa verde 1 u.",7798003381624,https://supermercado.carrefour.com.ar/infinitescroll/ajax/category/?id=8750&p=2,¡Felices Fiestas!/Deco navidad
"$849,00",Fabesa,"Árbol de navidad 1,20 m. pino tipo alemán Fabesa 1 u.",7798003385837,https://supermercado.carrefour.com.ar/infinitescroll/ajax/category/?id=8750&p=2,¡Felices Fiestas!/Deco navidad
